signature_id,time_window,broad_lineage,net_pooled_contribution,absolute_pooled_contribution,gene_count,absolute_share
SIG001,T24,BROAD_OR_UNRESOLVED,-0.050753431941864595,0.0514708658237558,4,0.13537162625420215
SIG001,T24,B_LYMPHOCYTE,-0.0410589709897782,0.0410589709897782,1,0.10798768558202587
SIG001,T24,DENDRITIC,-0.0861928710249696,0.0861928710249696,3,0.22669269178649737
SIG001,T24,GRANULOCYTE,-0.1805200709932695,0.20149630295407792,3,0.5299479963772745
SIG001,T48,BROAD_OR_UNRESOLVED,-0.1386824815215957,0.1386824815215957,4,0.16752110887424104
SIG001,T48,B_LYMPHOCYTE,-0.1404081285987586,0.1404081285987586,1,0.1696055993500399
SIG001,T48,DENDRITIC,-0.14140954653744142,0.14140954653744142,3,0.17081525929911273
SIG001,T48,GRANULOCYTE,-0.40735062855701176,0.40735062855701176,3,0.4920580324766063
SIG002,T24,BROAD_OR_UNRESOLVED,-0.0370058316766844,0.0370058316766844,1,0.05345045004127348
SIG002,T24,DENDRITIC,-0.1471255523043766,0.1471255523043766,1,0.21250507357721496
SIG002,T24,GRANULOCYTE,-0.1998858709967752,0.1998858709967752,1,0.2887109754758205
SIG002,T24,MONOCYTE,0.3083217552289845,0.3083217552289845,1,0.4453335009056911
SIG002,T48,BROAD_OR_UNRESOLVED,-0.1196185796785434,0.1196185796785434,1,0.11658128525706248
SIG002,T48,DENDRITIC,-0.6124431761908649,0.6124431761908649,1,0.5968923290940551
SIG002,T48,GRANULOCYTE,-0.1399753225430799,0.1399753225430799,1,0.13642114001184097
SIG002,T48,MONOCYTE,0.154015940429976,0.154015940429976,1,0.15010524563704145
SIG003,T24,BROAD_OR_UNRESOLVED,0.0111934946019346,0.0111934946019346,1,0.058623209275066895
SIG003,T24,DENDRITIC,-0.1797461475697081,0.1797461475697081,1,0.9413767907249331
SIG003,T48,BROAD_OR_UNRESOLVED,-0.3593740371864152,0.3593740371864152,1,0.40097390210410017
SIG003,T48,DENDRITIC,-0.5368788992281726,0.5368788992281726,1,0.5990260978958999
SIG004,T24,BROAD_OR_UNRESOLVED,0.0351908077067799,0.22720742354729812,2,0.9163168403760836
SIG004,T24,DENDRITIC,-0.0207498479288492,0.0207498479288492,1,0.08368315962391637
SIG004,T48,BROAD_OR_UNRESOLVED,0.8063207335878453,0.8063207335878453,2,0.8857108179597982
SIG004,T48,DENDRITIC,-0.104044949248879,0.104044949248879,1,0.1142891820402018
SIG022,T24,BROAD_OR_UNRESOLVED,0.01574401142169377,0.05478530002422322,3,0.2654258488147549
SIG022,T24,GRANULOCYTE,0.0446794322261154,0.0446794322261154,1,0.21646456655224164
SIG022,T24,MONOCYTE,-0.1069405604853316,0.1069405604853316,3,0.5181095846330036
SIG022,T48,BROAD_OR_UNRESOLVED,0.0924784047086383,0.1503207498965911,3,0.32430480280679597
SIG022,T48,GRANULOCYTE,0.1287290207939474,0.1287290207939474,1,0.27772240181619645
SIG022,T48,MONOCYTE,-0.0916568246658384,0.1844671078619646,3,0.3979727953770076
SIG023,T24,BROAD_OR_UNRESOLVED,0.0895047577723762,0.0895047577723762,1,0.8637963966925685
SIG023,T24,GRANULOCYTE,-0.0141131296315135,0.0141131296315135,1,0.13620360330743156
SIG023,T48,BROAD_OR_UNRESOLVED,0.0399488767117554,0.0399488767117554,1,0.24616961866833142
SIG023,T48,GRANULOCYTE,-0.1223330365798243,0.1223330365798243,1,0.7538303813316686
SIG033,T24,BROAD_OR_UNRESOLVED,-0.2273609170232017,0.30677807477852426,4,0.7354560614137465
SIG033,T24,B_LYMPHOCYTE,0.0574167298279917,0.0574167298279917,1,0.13764830491565513
SIG033,T24,MONOCYTE,-0.0234594495548326,0.0234594495548326,1,0.0562406370956842
SIG033,T24,T_LYMPHOCYTE,0.0294720581690079,0.0294720581690079,1,0.07065499657491414
SIG033,T48,BROAD_OR_UNRESOLVED,-0.224880945905336,0.5083921634289238,4,0.7527372855001875
SIG033,T48,B_LYMPHOCYTE,0.120059719753742,0.120059719753742,1,0.17776321911771506
SIG033,T48,MONOCYTE,-0.0457375607577239,0.0457375607577239,1,0.06772009839404669
SIG033,T48,T_LYMPHOCYTE,0.001201789125874,0.001201789125874,1,0.0017793969880507622
SIG034,T24,BROAD_OR_UNRESOLVED,0.027711549738668302,0.0881380583039703,16,0.23777575051425562
SIG034,T24,DENDRITIC,-0.0063414261869301,0.0063414261869301,2,0.017107676297199937
SIG034,T24,GRANULOCYTE,-0.05532096928206875,0.18970910470095295,17,0.5117905433551471
SIG034,T24,MONOCYTE,0.0414738377245578,0.053755698875001603,3,0.14502023178613704
SIG034,T24,T_LYMPHOCYTE,-0.0327329492601115,0.0327329492601115,4,0.08830579804726037
SIG034,T48,BROAD_OR_UNRESOLVED,0.0828074923023441,0.1795983014165597,16,0.2163747580180402
SIG034,T48,DENDRITIC,-0.0356065075536705,0.0356065075536705,2,0.04289767439349849
SIG034,T48,GRANULOCYTE,-0.009154052141348007,0.4796943522840686,17,0.5779216650682403
SIG034,T48,MONOCYTE,0.013219750249904601,0.031763956465398,3,0.038268281713617285
SIG034,T48,T_LYMPHOCYTE,-0.10337039941350651,0.10337039941350651,4,0.12453762080660376
