dataset,signature_id,signature_name,time_window,paired_n,spearman_rho,bootstrap_ci95_lower,bootstrap_ci95_upper,bootstrap_se_fisher_z,fisher_z_se_source,median_absolute_rank_displacement_pp,q1_absolute_rank_displacement_pp,q3_absolute_rank_displacement_pp,bootstrap_ci95_lower_median_rank_displacement_pp,bootstrap_ci95_upper_median_rank_displacement_pp,bootstrap_replicates,valid_bootstrap_replicates,seed,primary_independent_eligible
GSE110487,SIG001,Sepsis MetaScore,T48,31,0.7544354838709678,0.5317310688342657,0.8675074038155912,0.1868582334667782,bootstrap,13.333333333333334,8.333333333333332,20,6.666666666666671,20.000000000000004,2000,2000,1269586029,True
GSE110487,SIG002,SeptiCyte LAB,T48,31,0.4181451612903226,0.0766841790973946,0.6865604885010178,0.1938823351017276,bootstrap,23.33333333333333,11.666666666666666,31.66666666666667,10,33.33333333333333,2000,2000,1450031237,True
GSE110487,SIG003,FAIM3:PLAC8,T48,31,0.5641129032258064,0.2174863387978142,0.7819414039958238,0.2104662116377156,bootstrap,13.333333333333345,6.666666666666671,33.333333333333336,6.666666666666671,26.66666666666667,2000,2000,164208282,True
GSE110487,SIG004,sNIP,T48,31,0.5479838709677419,0.200490224590903,0.7749962430644992,0.209211633583834,bootstrap,20.000000000000007,13.333333333333334,29.999999999999993,10,30.000000000000007,2000,2000,2297410813,True
GSE110487,SIG022,Bacterial/Viral MetaScore,T48,31,0.7524193548387098,0.4756013512536539,0.8874378631610854,0.2279099410853013,bootstrap,10.000000000000004,6.66666666666667,26.666666666666668,6.666666666666657,23.33333333333333,2000,2000,3834423379,True
GSE110487,SIG023,Herberg two-gene DRS,T48,31,0.6471774193548387,0.3315554397310981,0.8445658773527626,0.2302723479732678,bootstrap,13.333333333333336,3.3333333333333384,30,6.666666666666657,26.666666666666664,2000,2000,2082929077,True
GSE110487,SIG033,Lin seven-gene mortality score,T48,31,0.505241935483871,0.1630091290605585,0.7510134055539578,0.2098939692999359,bootstrap,16.666666666666664,13.333333333333329,26.666666666666668,10,26.66666666666667,2000,2000,2869340581,True
GSE110487,SIG034,Severe-or-Mild score,T48,31,0.6524193548387097,0.3747290910701514,0.8252258339688927,0.1999981356698147,bootstrap,20,8.333333333333336,31.66666666666667,6.666666666666671,30,2000,2000,4094492089,True
GSE236713,SIG001,Sepsis MetaScore,T24,93,0.7408015278565245,0.5946171360614695,0.8466773615940094,0.1456461916237579,bootstrap,9.782608695652174,4.3478260869565215,19.565217391304344,6.5217391304347885,14.130434782608694,2000,2000,2813734491,True
GSE236713,SIG002,SeptiCyte LAB,T24,93,0.8111217212258661,0.7077218177442913,0.8846529850742755,0.1311579863770573,bootstrap,8.695652173913045,3.2608695652173925,18.478260869565226,6.521739130434781,14.130434782608688,2000,2000,3143266426,True
GSE236713,SIG003,FAIM3:PLAC8,T24,93,0.5590403151204081,0.3817846562334885,0.7058097745357076,0.1195602128897469,bootstrap,14.130434782608688,6.521739130434785,29.34782608695653,10.869565217391298,20.65217391304348,2000,2000,3387553237,True
GSE236713,SIG004,sNIP,T24,93,0.7570797648533316,0.6349357959543745,0.8342240840755074,0.115606448990936,bootstrap,13.043478260869566,4.34782608695652,20.65217391304348,8.695652173913043,16.304347826086957,2000,2000,608349837,True
GSE236713,SIG022,Bacterial/Viral MetaScore,T24,93,0.7430843603592848,0.595426642178263,0.8530506262208072,0.1488321356614751,bootstrap,8.695652173913047,4.347826086956516,18.47826086956522,6.521739130434781,14.130434782608692,2000,2000,2998505704,True
GSE236713,SIG023,Herberg two-gene DRS,T24,93,0.8114947330727222,0.6964086069996599,0.8884906622469693,0.1439200689747363,bootstrap,7.608695652173914,4.3478260869565215,18.478260869565215,5.434782608695656,13.043478260869565,2000,2000,2882760911,True
GSE236713,SIG033,Lin seven-gene mortality score,T24,93,0.6953090030139356,0.5541438490170328,0.7967369346177496,0.1175598435961786,bootstrap,13.043478260869575,5.434782608695656,23.913043478260867,8.695652173913047,18.47826086956522,2000,2000,416161387,True
GSE236713,SIG034,Severe-or-Mild score,T24,93,0.6519948673569872,0.4796098925412472,0.7844222475369386,0.1368260079443913,bootstrap,10.869565217391298,5.4347826086956506,21.7391304347826,7.608695652173907,15.217391304347828,2000,2000,3349556591,True
GSE54514,SIG001,Sepsis MetaScore,T24,31,0.1092741935483871,-0.2740408409197935,0.4967024641024751,0.2086806326820857,bootstrap,23.333333333333336,8.333333333333329,40,10,36.666666666666664,2000,2000,2700750610,True
GSE54514,SIG001,Sepsis MetaScore,T48,28,-0.016967706622879,-0.4146555164230542,0.3562663782459224,0.2043511846819405,bootstrap,38.888888888888886,13.888888888888893,56.48148148148148,18.518518518518515,51.85185185185185,2000,2000,985562136,True
GSE54514,SIG002,SeptiCyte LAB,T24,31,0.3169354838709677,-0.041142364228641,0.6299973598878967,0.1981654112464666,bootstrap,16.666666666666664,6.66666666666667,35,10,33.33333333333333,2000,2000,2406621573,False
GSE54514,SIG002,SeptiCyte LAB,T48,28,0.003831417624521,-0.3872446793526503,0.4051303688999468,0.2141371754463351,bootstrap,29.629629629629633,17.59259259259259,44.44444444444444,14.814814814814817,42.592592592592595,2000,2000,2983382356,False
GSE54514,SIG003,FAIM3:PLAC8,T24,31,0.2931451612903226,-0.0448800189750882,0.582204931285367,0.1868528201439538,bootstrap,26.666666666666664,10.000000000000009,43.333333333333336,13.333333333333329,40,2000,2000,3719286446,False
GSE54514,SIG003,FAIM3:PLAC8,T48,28,-0.1029009304871373,-0.490946319278611,0.2989382715169883,0.2096978911376849,bootstrap,35.18518518518519,18.51851851851852,53.703703703703695,20.370370370370367,48.14814814814815,2000,2000,409446339,False
GSE54514,SIG004,sNIP,T24,31,0.1298387096774193,-0.2753787024791078,0.4986369511668819,0.2096618936847332,bootstrap,23.333333333333343,11.666666666666666,46.66666666666667,13.333333333333336,43.33333333333333,2000,2000,1037815604,False
GSE54514,SIG004,sNIP,T48,28,0.0317460317460317,-0.3566341778391799,0.4216739967014843,0.2047282569015412,bootstrap,35.18518518518519,24.999999999999993,44.44444444444444,14.814814814814817,46.29629629629629,2000,2000,565295414,False
GSE54514,SIG022,Bacterial/Viral MetaScore,T24,31,0.472983870967742,0.1165080495592036,0.7039033816377619,0.1948315989334937,bootstrap,20.000000000000007,8.333333333333336,36.666666666666664,10,33.333333333333336,2000,2000,2349240468,True
GSE54514,SIG022,Bacterial/Viral MetaScore,T48,28,0.3672687465790914,-0.0497995180023184,0.6724245329634649,0.221993192682187,bootstrap,20.37037037037037,3.7037037037037095,31.481481481481485,11.111111111111107,33.33333333333333,2000,2000,2823910144,True
GSE54514,SIG023,Herberg two-gene DRS,T24,31,0.4665322580645162,0.0873620856713907,0.7572361312001704,0.2223075512713725,bootstrap,16.666666666666664,10.000000000000002,33.333333333333336,10,29.999999999999996,2000,2000,2982578365,True
GSE54514,SIG023,Herberg two-gene DRS,T48,28,0.234263820470717,-0.1596845195088545,0.5873893152302242,0.2096403478363907,bootstrap,20.37037037037037,6.481481481481481,55.55555555555555,9.259259259259265,40.74074074074074,2000,2000,2957875819,True
GSE54514,SIG033,Lin seven-gene mortality score,T24,31,-0.444758064516129,-0.7009949043590032,-0.1208245645467465,0.1904702823965855,bootstrap,43.333333333333336,25,70,26.666666666666664,56.66666666666667,2000,2000,2204551940,True
GSE54514,SIG033,Lin seven-gene mortality score,T48,28,0.2457580733442802,-0.1151063638814996,0.5462751297788385,0.1843387779244226,bootstrap,27.77777777777778,11.111111111111123,45.37037037037037,12.962962962962967,40.74074074074075,2000,2000,2102346124,True
GSE54514,SIG034,Severe-or-Mild score,T24,31,0.0955645161290322,-0.2305798982705367,0.402216957584521,0.1679216649270787,bootstrap,33.33333333333333,8.33333333333333,56.66666666666667,16.666666666666664,49.99999999999999,2000,2000,431441046,True
GSE54514,SIG034,Severe-or-Mild score,T48,28,-0.1089217296113847,-0.4607624111708764,0.2983874477001437,0.2043547753949371,bootstrap,31.48148148148148,14.814814814814817,62.96296296296296,16.620370370370367,51.85185185185185,2000,2000,3696163540,True
GSE57065,SIG001,Sepsis MetaScore,T24,28,0.7465790914066777,0.4965505882117494,0.8750808413684753,0.2070850866479274,bootstrap,14.81481481481481,7.407407407407405,26.851851851851848,7.407407407407405,25.925925925925924,2000,2000,664623748,True
GSE57065,SIG001,Sepsis MetaScore,T48,26,0.7292307692307692,0.4834509466437177,0.8457897569660083,0.176745355731925,bootstrap,18,12,24,8,28,2000,2000,2842939362,True
GSE57065,SIG002,SeptiCyte LAB,T24,28,0.4586754241926655,0.1200021919168444,0.6895551991361237,0.1847855731988942,bootstrap,22.22222222222222,12.962962962962962,34.25925925925926,12.962962962962962,33.33333333333333,2000,2000,656300321,True
GSE57065,SIG002,SeptiCyte LAB,T48,26,0.3647863247863247,-0.0183211156326767,0.6711457550943142,0.211051429590362,bootstrap,24,12,35.00000000000001,11.999999999999996,36,2000,2000,2500800280,True
GSE57065,SIG003,FAIM3:PLAC8,T24,28,0.50519978106185,0.1664783269140168,0.7559302713833689,0.2088230868228509,bootstrap,18.51851851851852,7.407407407407405,37.03703703703704,7.407407407407408,31.48148148148148,2000,2000,885886591,True
GSE57065,SIG003,FAIM3:PLAC8,T48,26,0.3504273504273504,-0.0275495316561227,0.6403806775292167,0.2005796942364651,bootstrap,22,9,44.00000000000001,12,40,2000,2000,3671575749,True
GSE57065,SIG004,sNIP,T24,28,0.5856595511767926,0.2428857152021857,0.7810901723482638,0.2040507456181431,bootstrap,14.814814814814817,7.407407407407405,34.25925925925926,7.407407407407419,29.629629629629633,2000,2000,1731934974,True
GSE57065,SIG004,sNIP,T48,26,0.4564102564102564,0.0075548154230806,0.7550729944844162,0.2502968803039683,bootstrap,18,8,28,8,31.999999999999993,2000,2000,3989854362,True
GSE57065,SIG022,Bacterial/Viral MetaScore,T24,28,0.7252326217843459,0.4455239444539987,0.910450848656294,0.2685743983753654,bootstrap,11.11111111111112,3.703703703703706,23.14814814814814,3.7037037037037024,25.925925925925924,2000,2000,3794010631,True
GSE57065,SIG022,Bacterial/Viral MetaScore,T48,26,0.6294017094017094,0.3356388003729134,0.84812584832709,0.2266568670006593,bootstrap,10.000000000000004,8,31,4,30,2000,2000,11669560,True
GSE57065,SIG023,Herberg two-gene DRS,T24,28,0.6371100164203612,0.2806747282930166,0.8612534157987377,0.2543341897722718,bootstrap,20.370370370370367,6.481481481481479,29.629629629629623,7.361111111111112,29.629629629629633,2000,2000,4286385105,True
GSE57065,SIG023,Herberg two-gene DRS,T48,26,0.5302564102564101,0.0939211089804387,0.8349381017881705,0.2798873708023188,bootstrap,14,4,36,4,28,2000,2000,1001984838,True
GSE57065,SIG033,Lin seven-gene mortality score,T24,28,0.7224958949096879,0.448391511803114,0.8725543588183857,0.2243494294110268,bootstrap,12.962962962962962,0,29.629629629629623,5.555555555555557,25.925925925925924,2000,2000,2793827278,True
GSE57065,SIG033,Lin seven-gene mortality score,T48,26,0.545982905982906,0.1868291735416609,0.7846632727969104,0.2254390045014765,bootstrap,22,4.999999999999999,32.00000000000001,8,32,2000,2000,1169045152,True
GSE57065,SIG034,Severe-or-Mild score,T24,28,0.7400109469074986,0.4405401778617846,0.8926270453115167,0.2468873600602734,bootstrap,11.111111111111114,3.7037037037037095,26.851851851851848,3.7037037037037095,25.972222222221973,2000,2000,1543184123,True
GSE57065,SIG034,Severe-or-Mild score,T48,26,0.5993162393162393,0.2376373626373626,0.8269268859800206,0.2411484797422974,bootstrap,17.999999999999993,8,32,8,32,2000,2000,2135370531,True
GSE8121,SIG001,Sepsis MetaScore,T48,30,0.7334816462736374,0.4979663090185538,0.8817025179927421,0.2097479034240275,bootstrap,12.06896551724138,6.8965517241379235,25.86206896551723,6.896551724137922,22.413793103448267,2000,2000,875914133,True
GSE8121,SIG002,SeptiCyte LAB,T48,30,0.6240266963292548,0.3407732073436675,0.8029954473057465,0.1881646851886805,bootstrap,17.24137931034483,6.896551724137936,33.62068965517241,6.896551724137936,27.58620689655173,2000,2000,460136946,True
GSE8121,SIG003,FAIM3:PLAC8,T48,30,0.4896551724137932,0.1228213179113762,0.7505611261291724,0.2171060525194793,bootstrap,17.24137931034483,6.896551724137931,33.62068965517241,6.8965517241379395,29.31034482758621,2000,2000,1309525374,True
GSE8121,SIG004,sNIP,T48,30,0.4972191323692992,0.1266743562427138,0.7723822138107763,0.2273683127376964,bootstrap,17.241379310344826,7.758620689655178,30.172413793103445,8.62068965517242,27.58620689655173,2000,2000,2423822539,True
GSE8121,SIG022,Bacterial/Viral MetaScore,T48,30,0.8313681868743048,0.6269590727941372,0.9289573595695836,0.2350424004502504,bootstrap,10.34482758620689,3.448275862068968,16.379310344827587,3.448275862068968,17.241379310344826,2000,2000,353479147,True
GSE8121,SIG023,Herberg two-gene DRS,T48,30,0.8171301446051168,0.5856499141941651,0.9366726518599846,0.2644822047019282,bootstrap,10.344827586206897,6.8965517241379315,17.24137931034483,5.172413793103448,17.241379310344833,2000,2000,250479159,True
GSE8121,SIG033,Lin seven-gene mortality score,T48,30,0.4375973303670745,0.0721598589519633,0.714545766157982,0.2065413335661561,bootstrap,20.689655172413794,7.758620689655174,43.9655172413793,10.344827586206897,34.48275862068966,2000,2000,2341478735,True
GSE8121,SIG034,Severe-or-Mild score,T48,30,0.8295884315906562,0.6529071242034489,0.9183065379474292,0.2003760184208449,bootstrap,10.344827586206904,6.8965517241379315,16.379310344827594,6.896551724137922,17.241379310344833,2000,2000,1507637647,True
GSE95233,SIG001,Sepsis MetaScore,T24,20,0.6902255639097743,0.3251950867260311,0.9044060346520948,0.2908467116533085,bootstrap,13.157894736842104,9.210526315789467,27.631578947368418,5.197368421052629,26.315789473684212,2000,2000,3585039808,True
GSE95233,SIG001,Sepsis MetaScore,T48,31,0.4766129032258065,0.100267988095009,0.7506580014513167,0.2191883470469313,bootstrap,23.333333333333336,8.33333333333333,35,10,36.666666666666664,2000,2000,1137812875,True
GSE95233,SIG002,SeptiCyte LAB,T24,20,0.4646616541353384,-0.0827972073032259,0.8086669082625801,0.3007389900784011,bootstrap,15.789473684210527,5.2631578947368425,39.473684210526315,5.263157894736846,42.10526315789474,2000,2000,1290750978,True
GSE95233,SIG002,SeptiCyte LAB,T48,31,0.442741935483871,0.1248052622737842,0.6980580702752235,0.1930464245935167,bootstrap,23.33333333333333,11.666666666666664,38.33333333333333,13.333333333333329,33.333333333333336,2000,2000,2538661643,True
GSE95233,SIG003,FAIM3:PLAC8,T24,20,0.6285714285714286,0.1423863636363636,0.9464473368074346,0.4041175604318944,bootstrap,10.526315789473683,5.263157894736848,21.052631578947363,5.263157894736835,28.94736842105263,2000,2000,2245491616,True
GSE95233,SIG003,FAIM3:PLAC8,T48,31,0.2842741935483871,-0.1447494183347967,0.6336374362875898,0.2303288130747008,bootstrap,23.33333333333332,6.666666666666664,41.66666666666667,10,36.66666666666667,2000,2000,2111635029,True
GSE95233,SIG004,sNIP,T24,20,0.300751879699248,-0.1908753888696854,0.6929215993018628,0.2619166988051357,bootstrap,21.052631578947363,9.210526315789476,52.63157894736842,7.894736842105267,47.368421052631575,2000,2000,3374108909,True
GSE95233,SIG004,sNIP,T48,31,0.2306451612903226,-0.1365228837586067,0.5573606400795685,0.1914845237707567,bootstrap,26.66666666666666,16.666666666666664,41.66666666666667,13.333333333333345,40.00000000000001,2000,2000,1747647730,True
GSE95233,SIG022,Bacterial/Viral MetaScore,T24,20,0.8661654135338346,0.6714823428500704,0.9289188364254052,0.2136478750738669,bootstrap,10.526315789473683,10.526315789473678,17.105263157894736,5.263157894736842,21.052631578947366,2000,2000,3116333032,True
GSE95233,SIG022,Bacterial/Viral MetaScore,T48,31,0.683467741935484,0.4071535376082221,0.8587703268849832,0.2269395651603694,bootstrap,10,5,21.66666666666666,6.666666666666664,20,2000,2000,2811888055,True
GSE95233,SIG023,Herberg two-gene DRS,T24,20,0.7518796992481201,0.3874160340538811,0.9077326165536832,0.2882585681292421,bootstrap,10.526315789473683,5.2631578947368425,22.368421052631582,5.263157894736841,23.684210526315788,2000,2000,3149949186,True
GSE95233,SIG023,Herberg two-gene DRS,T48,31,0.6620967741935484,0.3420444857972384,0.8421760915891248,0.2226581200451663,bootstrap,13.333333333333336,5.000000000000002,25.000000000000004,6.666666666666668,26.666666666666664,2000,2000,175507868,True
GSE95233,SIG033,Lin seven-gene mortality score,T24,20,0.5624060150375939,0.1884902615657311,0.8046513956328235,0.2347300134317941,bootstrap,18.421052631578934,5.2631578947368425,34.21052631578947,5.263157894736848,36.84210526315789,2000,2000,3994230420,True
GSE95233,SIG033,Lin seven-gene mortality score,T48,31,0.5137096774193549,0.1518174796110815,0.7750887479225029,0.2228396096108699,bootstrap,16.66666666666667,10,26.66666666666667,10,26.66666666666667,2000,2000,1859264391,True
GSE95233,SIG034,Severe-or-Mild score,T24,20,0.5157894736842105,0.0287537391040842,0.8289087144908737,0.2841413598720044,bootstrap,18.421052631578945,9.21052631578947,30.26315789473685,5.2631578947368425,36.84210526315789,2000,2000,1520412093,True
GSE95233,SIG034,Severe-or-Mild score,T48,31,0.7258064516129034,0.442735088731412,0.886853645079424,0.2376058733517441,bootstrap,13.333333333333329,5,23.33333333333333,3.333333333333343,23.33333333333333,2000,2000,2880183153,True
